City_ID,City,Country,Lat,Lng,Max Temp,Humidity,Cloudiness,Wind Speed,Date
0,Espanola,US,35.9911,-106.0806,64.87,8,87,4.0,2023-03-06 21:17:20
1,Faya,SA,18.3851,42.4509,62.71,60,23,4.72,2023-03-06 21:17:21
2,Xuanzhou,CN,30.9525,118.7553,55.98,49,97,4.05,2023-03-06 21:17:22
3,San Policarpo,PH,12.1791,125.5072,77.45,83,7,10.92,2023-03-06 21:17:23
4,Puerto Ayora,EC,-0.7393,-90.3518,84.16,88,89,5.01,2023-03-06 21:17:23
5,Rikitea,PF,-23.1203,-134.9692,80.4,78,100,22.84,2023-03-06 21:16:36
6,Fairbanks,US,64.8378,-147.7164,26.82,69,100,0.0,2023-03-06 21:10:20
7,East London,ZA,-33.0153,27.9116,70.7,79,83,13.67,2023-03-06 21:17:25
8,Avarua,CK,-21.2078,-159.775,87.85,74,40,20.71,2023-03-06 21:17:26
9,Kamenka,RU,51.3223,42.7678,19.63,95,67,6.24,2023-03-06 21:17:27
10,Butaritari,KI,3.0707,172.7902,80.24,79,88,11.88,2023-03-06 21:17:27
11,Tuktoyaktuk,CA,69.4541,-133.0374,-20.2,76,40,8.05,2023-03-06 21:17:29
12,Coquimbo,CL,-29.9533,-71.3436,71.33,68,20,12.66,2023-03-06 21:16:19
13,Bredasdorp,ZA,-34.5322,20.0403,63.64,75,39,9.26,2023-03-06 21:17:30
14,Thompson,CA,55.7435,-97.8558,1.56,55,20,5.75,2023-03-06 21:16:52
15,Praia,CV,14.9215,-23.5087,73.94,60,20,13.8,2023-03-06 21:17:31
16,The Valley,AI,18.217,-63.0578,82.26,65,20,10.36,2023-03-06 21:17:32
17,Yulara,AU,-25.2406,130.9889,67.84,32,0,10.13,2023-03-06 21:17:32
18,Mataura,NZ,-46.1927,168.8643,54.48,66,100,3.24,2023-03-06 21:17:33
19,Yaan,NG,7.3833,8.5667,84.85,55,82,10.67,2023-03-06 21:17:34
20,Binzhou,CN,37.3667,118.0167,48.52,29,0,7.99,2023-03-06 21:17:35
21,Waipawa,NZ,-41.4122,175.5153,55.22,64,4,2.57,2023-03-06 21:17:35
22,Kavieng,PG,-2.5744,150.7967,81.0,75,100,1.19,2023-03-06 21:16:23
23,Iqaluit,CA,63.7506,-68.5145,26.33,100,75,9.22,2023-03-06 21:16:13
24,Mahina,PF,-17.5065,-149.489,80.37,83,75,6.91,2023-03-06 21:17:37
25,Buluang,PH,13.3068,123.3425,71.4,94,28,3.8,2023-03-06 21:17:37
26,Tasiilaq,GL,65.6145,-37.6368,21.36,77,100,7.09,2023-03-06 21:16:41
27,Busselton,AU,-33.65,115.3333,54.54,80,0,12.5,2023-03-06 21:16:35
28,Khatanga,RU,71.9667,102.5,-19.82,100,100,4.59,2023-03-06 21:16:54
29,Lithakia,GR,37.7167,20.8333,54.77,70,100,13.53,2023-03-06 21:17:39
30,Hermanus,ZA,-34.4187,19.2345,65.8,78,36,14.63,2023-03-06 21:17:40
31,Hobart,AU,-42.8794,147.3294,58.86,63,40,16.11,2023-03-06 21:17:40
32,Kloulklubed,PW,7.0419,134.2556,73.9,77,100,12.01,2023-03-06 21:17:41
33,Pitimbu,BR,-7.4706,-34.8086,82.99,67,100,12.59,2023-03-06 21:17:41
34,Bilma,NE,18.6853,12.9164,83.73,10,9,5.68,2023-03-06 21:17:42
35,Saposoa,PE,-6.934,-76.7716,78.64,93,95,2.17,2023-03-06 21:17:42
36,Port Alfred,ZA,-33.5906,26.891,66.18,93,35,5.01,2023-03-06 21:17:43
37,Atuona,PF,-9.8,-139.0333,80.15,76,11,12.68,2023-03-06 21:16:39
38,Beloha,MG,-25.1667,45.05,73.24,92,99,13.2,2023-03-06 21:17:43
39,Narsaq,GL,60.9167,-46.05,43.02,84,21,3.0,2023-03-06 21:17:44
40,Kapaa,US,22.0752,-159.319,78.48,74,20,9.22,2023-03-06 21:16:13
41,Guangzhou,CN,23.1167,113.25,68.88,49,38,7.58,2023-03-06 21:17:45
42,Ancud,CL,-41.8697,-73.8203,55.58,86,100,4.07,2023-03-06 21:16:45
43,Raga,SS,8.4596,25.678,84.02,27,8,3.83,2023-03-06 21:17:46
44,Laguna,US,38.421,-121.4238,55.08,56,75,9.22,2023-03-06 21:17:46
45,Nocera Superiore,IT,40.7421,14.6729,52.81,84,100,3.85,2023-03-06 21:17:47
46,Tanout,NE,14.9709,8.8879,85.78,9,0,8.55,2023-03-06 21:17:47
47,Ostrovnoy,RU,68.0531,39.5131,11.19,89,100,10.45,2023-03-06 21:18:49
48,Takoradi,GH,4.8845,-1.7554,80.4,83,74,12.24,2023-03-06 21:18:50
49,Lavrentiya,RU,65.5833,-171.0,18.79,95,100,9.93,2023-03-06 21:18:50
50,Bilibino,RU,68.0546,166.4372,-32.94,96,8,3.91,2023-03-06 21:18:50
51,Chokurdakh,RU,70.6333,147.9167,-46.89,100,88,2.39,2023-03-06 21:18:51
52,Ilulissat,GL,69.2167,-51.1,23.02,74,0,2.3,2023-03-06 21:18:52
53,Mar Del Plata,AR,-38.0023,-57.5575,86.09,76,20,11.5,2023-03-06 21:18:52
54,Guaymas,MX,27.9333,-110.9,84.88,46,75,13.8,2023-03-06 21:17:21
55,Santiago Del Estero,AR,-27.7951,-64.2615,102.99,23,62,15.86,2023-03-06 21:18:53
56,Castro,BR,-24.7911,-50.0119,68.0,89,97,4.9,2023-03-06 21:17:03
57,Bam,IR,29.106,58.357,69.44,23,1,6.78,2023-03-06 21:18:54
58,Nanakuli,US,21.3906,-158.1547,80.11,73,75,13.8,2023-03-06 21:18:54
59,Vaini,TO,-21.2,-175.2,82.56,69,40,6.91,2023-03-06 21:18:55
60,Barrow,US,71.2906,-156.7887,12.22,85,75,20.71,2023-03-06 21:18:56
61,Praia Da Vitoria,PT,38.7333,-27.0667,64.65,88,75,29.91,2023-03-06 21:18:56
62,Kologriv,RU,58.8275,44.3178,14.2,98,100,3.04,2023-03-06 21:18:57
63,Palmer,US,42.1584,-72.3287,47.75,21,75,14.97,2023-03-06 21:18:57
64,Katsuura,JP,35.1333,140.3,49.57,76,0,1.86,2023-03-06 21:18:58
65,Nikolskoye,RU,59.7035,30.7861,22.89,98,90,3.62,2023-03-06 21:18:58
66,Zyryanka,RU,65.75,150.85,-19.19,92,100,2.37,2023-03-06 21:18:59
67,Albany,US,42.6001,-73.9662,43.21,51,91,1.01,2023-03-06 21:07:35
68,Ushuaia,AR,-54.8,-68.3,53.22,71,40,13.8,2023-03-06 21:18:59
69,Clyde River,CA,70.4692,-68.5914,12.43,92,20,4.61,2023-03-06 21:19:00
70,Hualmay,PE,-11.0964,-77.6139,77.13,69,83,9.91,2023-03-06 21:17:53
71,Kudahuvadhoo,MV,2.6708,72.8944,81.59,75,100,10.45,2023-03-06 21:19:01
72,Saint-Philippe,RE,-21.3585,55.7679,78.39,88,95,9.51,2023-03-06 21:19:01
73,Whitehorse,CA,60.7161,-135.0538,11.1,86,100,2.66,2023-03-06 21:14:08
74,Mantua,IT,45.1667,10.7833,49.24,85,31,1.95,2023-03-06 21:19:02
75,Bosaso,SO,11.2842,49.1816,76.66,79,15,2.04,2023-03-06 21:19:02
76,Hilo,US,19.7297,-155.09,81.25,71,0,6.91,2023-03-06 21:19:03
77,Aksarka,RU,66.5606,67.7975,-22.99,100,94,4.21,2023-03-06 21:19:04
78,Luanda,AO,-8.8368,13.2343,78.8,78,40,10.36,2023-03-06 21:19:05
79,Bogdanci,MK,41.2031,22.5756,45.14,75,100,3.51,2023-03-06 21:19:05
80,Vitim,RU,59.4511,112.5578,-7.11,100,100,3.06,2023-03-06 21:19:07
81,Maryborough,AU,-25.5333,152.7,70.57,77,1,1.63,2023-03-06 21:19:07
82,Saskylakh,RU,71.9167,114.0833,-15.68,99,100,4.05,2023-03-06 21:19:09
83,Kodinsk,RU,58.6881,99.1844,5.63,99,100,4.52,2023-03-06 21:19:09
84,Voh,NC,-20.9667,164.7,78.44,74,1,6.08,2023-03-06 21:19:10
85,Parkent,UZ,41.2944,69.6764,48.02,54,10,11.03,2023-03-06 21:19:11
86,Vardo,NO,70.3705,31.1107,13.98,67,40,18.41,2023-03-06 21:19:11
87,Oyama,JP,36.3,139.8,49.59,67,3,1.9,2023-03-06 21:19:12
88,Santa Cruz,BO,-17.8,-63.1667,89.06,58,20,14.97,2023-03-06 21:14:35
89,Ha Giang,VN,22.8333,104.9833,66.96,88,100,2.3,2023-03-06 21:19:13
90,Sakakah,SA,29.9697,40.2064,71.17,33,70,16.06,2023-03-06 21:19:13
91,Inuvik,CA,68.3499,-133.7218,-9.8,87,6,3.51,2023-03-06 21:15:42
92,Roald,NO,62.5833,6.1333,31.75,93,40,5.75,2023-03-06 21:20:15
93,Baiao,BR,-2.7906,-49.6717,79.65,88,58,3.83,2023-03-06 21:20:15
94,Arraial Do Cabo,BR,-22.9661,-42.0278,78.76,78,40,11.5,2023-03-06 21:20:16
95,Cape Town,ZA,-33.9258,18.4232,66.11,76,20,21.85,2023-03-06 21:16:32
96,Tazovskiy,RU,67.4667,78.7,-11.92,100,100,4.97,2023-03-06 21:20:17
97,Mahebourg,MU,-20.4081,57.7,77.29,94,75,0.0,2023-03-06 21:20:18
98,Airai,TL,-8.9266,125.4092,58.62,90,94,1.07,2023-03-06 21:20:19
99,Codrington,AU,-38.2667,141.9667,56.43,68,91,16.87,2023-03-06 21:20:20
100,Novyy Urengoy,RU,66.0833,76.6333,0.55,97,100,6.73,2023-03-06 21:20:21
101,Upernavik,GL,72.7868,-56.1549,15.3,87,25,6.98,2023-03-06 21:20:21
102,Torrington,US,41.8007,-73.1212,48.38,16,71,10.83,2023-03-06 21:20:22
103,Norman Wells,CA,65.282,-126.8329,-9.36,64,75,3.44,2023-03-06 21:20:22
104,Adrar,MR,20.5022,-10.0711,77.7,10,100,8.32,2023-03-06 21:20:23
105,Hithadhoo,MV,-0.6,73.0833,81.72,68,2,1.54,2023-03-06 21:20:25
106,Banda Aceh,ID,5.5577,95.3222,76.08,80,0,11.12,2023-03-06 21:20:26
107,Auburn,US,47.3073,-122.2284,52.29,65,75,10.36,2023-03-06 21:15:39
108,Zhanaozen,KZ,43.3,52.8,43.52,92,99,18.66,2023-03-06 21:20:26
109,Bathsheba,BB,13.2167,-59.5167,81.21,69,40,16.11,2023-03-06 21:20:27
110,Atasu,KZ,48.6814,71.6433,20.05,98,91,5.86,2023-03-06 21:20:28
111,Polyarnyy,RU,69.1989,33.4478,4.35,98,87,6.96,2023-03-06 21:20:28
112,Kodiak,US,57.79,-152.4072,36.91,70,0,3.44,2023-03-06 21:20:29
113,Cap Malheureux,MU,-19.9842,57.6142,76.46,87,100,1.99,2023-03-06 21:20:32
114,State College,US,40.7934,-77.86,49.8,54,75,10.36,2023-03-06 21:15:50
115,Carnarvon,AU,-24.8667,113.6333,76.75,71,0,20.45,2023-03-06 21:20:33
116,Sabha,LY,27.0377,14.4283,63.64,25,0,7.72,2023-03-06 21:20:34
117,Iquique,CL,-20.2208,-70.1431,78.84,74,32,2.26,2023-03-06 21:20:35
118,Scottsbluff,US,41.8666,-103.6672,34.92,64,100,19.57,2023-03-06 21:20:36
119,Husavik,IS,66.0449,-17.3389,21.99,67,100,10.63,2023-03-06 21:20:36
120,Grand Forks,US,47.9417,-97.4337,8.78,61,0,26.46,2023-03-06 21:18:36
121,Khani,GE,41.9563,42.9566,35.17,98,99,3.78,2023-03-06 21:20:38
122,Huinan,CN,42.6225,126.2614,35.17,84,8,5.1,2023-03-06 21:20:40
123,Chiniot,PK,31.72,72.9789,62.89,40,0,4.94,2023-03-06 21:20:40
124,Bethel,US,41.3712,-73.414,50.76,30,0,12.66,2023-03-06 21:20:41
125,Bambous Virieux,MU,-20.3428,57.7575,77.25,94,75,0.0,2023-03-06 21:16:28
126,Suda,RU,59.1525,37.5582,15.04,98,99,4.18,2023-03-06 21:20:42
127,Krasnoselkup,RU,65.7,82.4667,7.21,95,100,11.56,2023-03-06 21:20:43
128,Severo-Kurilsk,RU,50.6789,156.125,31.51,91,100,10.25,2023-03-06 21:20:43
129,Bafata,GW,12.1667,-14.75,82.89,37,96,8.25,2023-03-06 21:20:44
130,Nurobod,UZ,40.9056,69.8023,53.91,55,1,12.15,2023-03-06 21:20:44
131,Hambantota,LK,6.1241,81.1185,76.46,86,10,14.38,2023-03-06 21:20:45
132,Cabo San Lucas,MX,22.8909,-109.9124,79.61,38,0,8.05,2023-03-06 21:17:21
133,Sur,OM,22.5667,59.5289,76.23,56,0,6.55,2023-03-06 21:20:46
134,Coahuayana,MX,18.7333,-103.6833,86.18,47,65,7.83,2023-03-06 21:20:46
135,Lasa,IT,46.6166,10.7002,41.68,93,98,2.64,2023-03-06 21:20:47
136,Shafranovo,RU,53.9667,54.7667,9.91,99,88,3.62,2023-03-06 21:20:47
137,Pangnirtung,CA,66.1451,-65.7125,30.7,79,54,5.73,2023-03-06 21:20:48
138,Port Lincoln,AU,-34.7333,135.8667,62.11,60,74,12.68,2023-03-06 21:20:49
139,Bluff,NZ,-46.6,168.3333,55.8,74,100,7.76,2023-03-06 21:20:50
140,San Patricio,US,28.017,-97.5169,87.75,52,89,13.27,2023-03-06 21:20:50
141,Kruisfontein,ZA,-34.0033,24.7314,62.89,86,79,5.03,2023-03-06 21:20:51
142,Okha,RU,53.5739,142.9478,-2.22,100,100,3.24,2023-03-06 21:21:45
143,Jamestown,US,42.097,-79.2353,42.39,60,100,10.36,2023-03-06 21:17:20
144,Trelleborg,SE,55.3751,13.1569,31.95,59,99,6.73,2023-03-06 21:21:52
145,Margate,GB,51.3813,1.3862,41.9,89,100,4.0,2023-03-06 21:21:52
146,Ribeira Grande,PT,38.5167,-28.7,63.0,94,75,27.0,2023-03-06 21:21:53
147,Bentiu,SS,9.2333,29.8333,90.9,30,44,2.66,2023-03-06 21:21:53
148,Alice Springs,AU,-23.7,133.8833,69.35,30,4,8.05,2023-03-06 21:19:18
149,Necochea,AR,-38.5473,-58.7368,97.84,24,84,14.85,2023-03-06 21:21:54
150,Sawakin,SD,19.1059,37.3321,80.58,72,0,8.03,2023-03-06 21:21:55
151,Saint-Georges,GD,12.0564,-61.7485,82.08,69,20,18.41,2023-03-06 21:21:55
152,Lerwick,GB,60.1545,-1.1494,32.0,56,89,22.35,2023-03-06 21:21:56
153,Baijiantan,CN,45.6333,85.1833,31.87,85,100,2.82,2023-03-06 21:21:56
154,Mosetse,BW,-20.75,26.65,76.86,42,6,7.63,2023-03-06 21:21:57
155,Tuatapere,NZ,-46.1333,167.6833,57.94,68,97,5.32,2023-03-06 21:21:57
156,Champasak,LA,14.75,106.0,61.88,76,0,2.17,2023-03-06 21:21:58
157,Wageningen,NL,51.9667,5.6667,40.86,92,100,11.5,2023-03-06 21:21:58
158,Hukuntsi,BW,-24.0,21.75,77.54,48,88,12.55,2023-03-06 21:21:59
159,Caravelas,BR,-17.7125,-39.2481,79.93,80,5,10.18,2023-03-06 21:17:04
160,Grindavik,IS,63.8424,-22.4338,25.27,58,0,16.11,2023-03-06 21:21:52
161,Sistranda,NO,63.7256,8.834,21.16,49,100,11.45,2023-03-06 21:22:00
162,Kamsack,CA,51.5667,-101.9009,6.17,80,15,3.11,2023-03-06 21:22:00
163,College,US,64.8569,-147.8028,27.81,68,100,0.0,2023-03-06 21:22:01
164,Smithers,CA,54.7804,-127.1743,14.32,52,75,10.36,2023-03-06 21:22:01
165,Gondanglegi,ID,-7.7479,112.0132,72.68,90,91,4.21,2023-03-06 21:22:03
166,Victoria,HK,22.2855,114.1577,65.32,60,6,3.0,2023-03-06 21:22:04
167,Esperance,AU,-33.8667,121.9,58.69,63,34,6.67,2023-03-06 21:22:04
168,Fukue,JP,32.6881,128.8419,55.56,56,16,5.66,2023-03-06 21:22:05
169,Itamaraca,BR,-7.7478,-34.8256,84.25,71,99,10.56,2023-03-06 21:22:07
170,Kos,GR,36.8933,27.2889,56.64,66,3,3.44,2023-03-06 21:22:08
171,Ponta Do Sol,PT,32.6667,-17.1,68.0,92,82,6.67,2023-03-06 21:22:09
172,Saldanha,ZA,-33.0117,17.9442,66.25,76,34,15.37,2023-03-06 21:22:10
173,Beaupre,CA,47.0443,-70.8953,36.28,58,100,3.44,2023-03-06 21:22:10
174,Berlevag,NO,70.8578,29.0864,13.8,62,78,12.66,2023-03-06 21:22:11
175,Geraldton,AU,-28.7667,114.6,57.61,88,0,6.91,2023-03-06 21:22:12
176,Namatanai,PG,-3.6667,152.4333,77.36,88,100,3.33,2023-03-06 21:22:13
177,Hasaki,JP,35.7333,140.8333,37.8,78,0,6.71,2023-03-06 21:22:14
178,Mahibadhoo,MV,3.7833,72.9667,81.75,73,100,11.79,2023-03-06 21:18:36
179,Shimoda,JP,34.6667,138.95,49.77,70,0,6.44,2023-03-06 21:22:15
180,Clinton,US,42.587,-82.9199,36.01,87,100,9.22,2023-03-06 21:22:16
181,Ampanihy,MG,-24.7,44.75,73.89,86,100,15.1,2023-03-06 21:22:16
182,Rio Gallegos,AR,-51.6226,-69.2181,57.25,44,75,17.27,2023-03-06 21:17:32
183,Belmonte,BR,-15.8631,-38.8828,80.55,78,5,9.69,2023-03-06 21:22:18
184,Chitral,PK,35.8462,71.7858,41.05,55,1,7.25,2023-03-06 21:22:18
185,Saint-Marc-Des-Carrieres,CA,46.6834,-72.0491,35.67,38,100,16.11,2023-03-06 21:22:19
186,Jacareacanga,BR,-6.2222,-57.7528,81.3,92,76,0.51,2023-03-06 21:22:20
187,Zelenoborskiy,RU,66.845,32.3622,8.2,97,100,2.68,2023-03-06 21:23:22
188,Lorengau,PG,-2.0226,147.2712,78.96,83,94,5.7,2023-03-06 21:23:01
189,Byron Bay,AU,-28.65,153.6167,75.7,79,0,13.51,2023-03-06 21:23:23
190,Ambon,ID,-3.6954,128.1814,77.23,15,40,3.44,2023-03-06 21:23:24
191,Halifax,CA,44.6453,-63.5724,33.22,89,75,16.11,2023-03-06 21:19:30
192,Deputatskiy,RU,69.3,139.9,-13.61,98,100,3.15,2023-03-06 21:23:25
193,Tambura,SS,5.6,27.4667,83.03,33,50,4.7,2023-03-06 21:23:26
194,Lebu,CL,-37.6167,-73.65,64.18,82,70,11.23,2023-03-06 21:23:26
195,Khorixas,NA,-20.3667,14.9667,66.63,42,36,5.79,2023-03-06 21:21:27
196,Ler,SS,8.3018,30.1418,91.38,29,90,1.36,2023-03-06 21:23:27
197,Balikpapan,ID,-1.2675,116.8289,76.19,100,40,4.61,2023-03-06 21:23:28
198,Dikson,RU,73.5069,80.5464,-15.16,96,100,11.56,2023-03-06 21:23:29
199,Kaitangata,NZ,-46.2817,169.8464,54.09,70,100,2.89,2023-03-06 21:23:29
200,Tezu,IN,27.9167,96.1667,66.9,66,100,4.81,2023-03-06 21:19:14
201,Alofi,NU,-19.0595,-169.9187,85.89,79,75,12.66,2023-03-06 21:23:32
202,Bac Lieu,VN,9.285,105.7244,74.52,73,46,12.84,2023-03-06 21:23:32
203,Port Elizabeth,ZA,-33.918,25.5701,65.32,91,75,5.75,2023-03-06 21:23:33
204,La Paz,BO,-16.5,-68.15,62.58,36,40,6.91,2023-03-06 21:23:34
205,Bubaque,GW,11.2833,-15.8333,76.95,68,100,16.02,2023-03-06 21:23:34
206,Grootfontein,NA,-19.5667,18.1167,72.97,38,82,4.61,2023-03-06 21:22:18
207,Mogadishu,SO,2.0371,45.3438,78.1,86,49,18.9,2023-03-06 21:20:18
208,Bengkulu,ID,-3.8004,102.2655,73.58,91,73,3.78,2023-03-06 21:23:36
209,New Norfolk,AU,-42.7826,147.0587,58.5,65,74,5.01,2023-03-06 21:23:36
210,Cairns,AU,-16.9167,145.7667,78.06,100,40,1.14,2023-03-06 21:23:37
211,Cidreira,BR,-30.1811,-50.2056,74.68,91,100,14.65,2023-03-06 21:23:38
212,Civitavecchia,IT,42.0933,11.7967,51.39,87,18,11.95,2023-03-06 21:23:38
213,Dingle,PH,10.9995,122.6711,72.61,91,2,8.12,2023-03-06 21:23:39
214,Nanortalik,GL,60.1432,-45.2371,31.3,86,20,2.19,2023-03-06 21:23:40
215,Lagoa,PT,39.05,-27.9833,60.89,91,100,24.07,2023-03-06 21:23:41
216,Punta Arenas,CL,-53.15,-70.9167,50.11,57,40,23.02,2023-03-06 21:21:33
217,Kirakira,SB,-10.4544,161.9205,80.46,82,100,4.59,2023-03-06 21:23:42
218,Wenceslau Braz,BR,-23.8739,-49.8028,71.71,86,46,5.44,2023-03-06 21:23:43
219,Megion,RU,61.0296,76.1136,19.42,96,100,8.88,2023-03-06 21:23:43
220,Sechura,PE,-5.5569,-80.8222,81.18,64,100,18.16,2023-03-06 21:23:44
221,Gazanjyk,TM,39.2446,55.5154,76.51,18,48,19.28,2023-03-06 21:23:44
222,La Esperanza,GT,14.8667,-91.5667,72.32,69,40,6.91,2023-03-06 21:23:45
223,Brae,GB,60.3964,-1.353,34.0,54,96,20.31,2023-03-06 21:23:46
224,Verkhoyansk,RU,67.5447,133.385,-25.76,100,94,1.77,2023-03-06 21:23:47
225,Viesca,MX,25.35,-102.8,88.97,4,1,3.27,2023-03-06 21:23:47
226,Saryozek,KZ,44.3583,77.9753,37.36,90,82,6.98,2023-03-06 21:23:48
227,Sinnamary,GF,5.3833,-52.95,78.37,82,98,13.13,2023-03-06 21:23:49
228,La Ronge,CA,55.1001,-105.2842,3.45,33,0,2.3,2023-03-06 21:22:46
229,Myitkyina,MM,25.3833,97.4,65.57,54,66,2.39,2023-03-06 21:23:50
230,Acari,PE,-15.4311,-74.6158,81.5,61,23,10.58,2023-03-06 21:23:50
231,Zhigansk,RU,66.7697,123.3711,-29.42,100,75,6.29,2023-03-06 21:23:51
232,Tiksi,RU,71.6872,128.8694,-9.83,98,100,4.65,2023-03-06 21:23:51
233,Ahipara,NZ,-35.1667,173.1667,67.64,70,5,1.43,2023-03-06 21:23:09
234,Marawi,PH,7.9986,124.2928,66.15,97,72,1.7,2023-03-06 21:24:52
235,General Roca,AR,-39.0333,-67.5833,95.63,6,21,25.93,2023-03-06 21:24:52
236,Tautira,PF,-17.7333,-149.15,78.44,76,100,17.27,2023-03-06 21:24:53
237,Hastings,GB,50.8552,0.5729,45.28,52,100,16.62,2023-03-06 21:23:28
238,Kyabe,TD,9.4515,18.9449,91.11,9,100,3.58,2023-03-06 21:24:54
239,Qaanaaq,GL,77.484,-69.3632,15.64,90,87,6.11,2023-03-06 21:24:55
240,Paamiut,GL,61.994,-49.6678,29.3,82,2,8.05,2023-03-06 21:24:55
241,Hami,CN,42.8,93.45,46.24,34,4,5.61,2023-03-06 21:22:36
242,Samarai,PG,-10.6167,150.6667,80.2,79,50,6.04,2023-03-06 21:23:08
243,Kabare,CD,-2.4683,28.8242,61.7,88,70,1.05,2023-03-06 21:24:57
244,Pustoshka,RU,56.3355,29.369,16.95,94,61,6.38,2023-03-06 21:24:57
245,Grand Gaube,MU,-20.0064,57.6608,77.4,87,100,1.99,2023-03-06 21:23:46
246,Shingu,JP,33.7333,135.9833,44.87,60,0,6.49,2023-03-06 21:24:58
247,Mazatlan,MX,23.2167,-106.4167,78.76,76,0,8.05,2023-03-06 21:23:40
248,Okahandja,NA,-21.9833,16.9167,66.4,29,0,6.51,2023-03-06 21:24:59
249,Bafra,TR,41.5678,35.9069,50.83,82,86,5.46,2023-03-06 21:25:00
250,Rawson,AR,-43.3002,-65.1023,93.49,16,0,16.11,2023-03-06 21:25:01
251,Valle De Allende,MX,26.9333,-105.4,82.02,5,6,4.32,2023-03-06 21:25:01
252,Sao Joao Da Barra,BR,-21.6403,-41.0511,80.69,88,100,16.67,2023-03-06 21:21:02
253,Fostoria,US,41.157,-83.4169,49.95,63,100,4.9,2023-03-06 21:21:26
254,Tunceli,TR,39.1083,39.5471,43.16,72,100,3.2,2023-03-06 21:24:50
255,Yellowknife,CA,62.456,-114.3525,-8.45,77,20,12.66,2023-03-06 21:23:33
256,Taltal,CL,-25.4,-70.4833,73.38,71,11,6.2,2023-03-06 21:25:04
257,Uthal,PK,25.8072,66.6219,76.55,35,3,2.42,2023-03-06 21:25:04
258,Banjar,ID,-8.19,114.9675,75.97,92,93,4.16,2023-03-06 21:25:05
259,Gat,IL,31.61,34.7642,58.41,75,57,6.96,2023-03-06 21:25:05
260,Surgut,RU,61.25,73.4167,12.38,92,40,11.18,2023-03-06 21:25:06
261,Riyadh,SA,24.6877,46.7219,73.54,23,2,10.69,2023-03-06 21:23:49
262,Georgetown,MY,5.4112,100.3354,79.95,76,20,5.75,2023-03-06 21:22:38
263,Chernenko,RU,44.365,39.3103,28.92,94,54,3.2,2023-03-06 21:25:08
264,Katangli,RU,51.7102,143.2326,5.13,98,100,3.85,2023-03-06 21:25:08
265,Yushu,CN,44.8,126.5333,30.6,52,67,2.26,2023-03-06 21:25:09
266,Nyimba,ZM,-14.5566,30.8149,69.21,96,99,3.96,2023-03-06 21:25:10
267,Pushkinskiye Gory,RU,57.0209,28.9103,17.28,95,80,6.24,2023-03-06 21:25:10
268,Huarmey,PE,-10.0681,-78.1522,77.88,70,99,9.13,2023-03-06 21:25:11
269,Lata,PT,40.1629,-8.3327,55.81,96,100,4.99,2023-03-06 21:25:12
270,Aojiang,CN,22.9421,116.0359,55.98,77,5,7.67,2023-03-06 21:25:12
271,Enshi,CN,30.3,109.4833,56.55,93,100,0.4,2023-03-06 21:25:13
272,Seymchan,RU,62.8833,152.4333,-27.94,99,96,0.51,2023-03-06 21:25:13
273,Yumen,CN,40.2833,97.2,41.02,33,0,12.39,2023-03-06 21:25:14
274,Vuktyl,RU,63.8567,57.3094,-17.36,100,98,3.33,2023-03-06 21:25:14
275,Eagle Pass,US,28.7091,-100.4995,88.65,46,29,11.41,2023-03-06 21:25:15
276,Ourinhos,BR,-22.9789,-49.8706,75.4,89,7,2.59,2023-03-06 21:25:16
277,Rundu,NA,-17.9333,19.7667,69.21,77,53,5.93,2023-03-06 21:25:16
278,Muravlenko,RU,63.7898,74.523,5.5,97,92,10.76,2023-03-06 21:25:17
279,Pevek,RU,69.7008,170.3133,-32.39,97,32,3.76,2023-03-06 21:26:19
280,Spornoye,RU,50.8448,37.2913,25.92,79,66,5.86,2023-03-06 21:26:20
281,Kikugawa,JP,34.7563,138.0874,44.4,65,0,4.0,2023-03-06 21:26:20
282,Kovdor,RU,67.5662,30.4758,-8.82,100,100,0.87,2023-03-06 21:22:32
283,Oron,NG,4.8256,8.2343,80.31,83,100,6.55,2023-03-06 21:26:21
284,West Bay,KY,19.3667,-81.4167,83.05,70,20,12.66,2023-03-06 21:26:22
285,Tiznit,MA,29.5833,-9.5,57.96,66,39,3.94,2023-03-06 21:26:23
286,Broome,US,42.2506,-75.833,42.69,48,0,12.66,2023-03-06 21:26:24
287,Holice,CZ,50.066,15.9859,37.26,91,0,8.05,2023-03-06 21:26:24
288,Saky,UA,45.1356,33.6031,42.04,62,99,11.23,2023-03-06 21:26:25
289,Port-Cartier,CA,50.0334,-66.8654,44.71,96,93,10.18,2023-03-06 21:26:26
290,Mbandaka,CD,0.0487,18.2603,79.65,65,15,3.83,2023-03-06 21:26:27
291,Energeticheskiy,KZ,43.4278,77.0222,41.56,93,75,4.47,2023-03-06 21:26:27
292,Thinadhoo,MV,0.5333,72.9333,81.73,69,53,3.22,2023-03-06 21:26:28
293,Aseri,EE,59.4506,26.8675,23.49,91,99,4.32,2023-03-06 21:26:29
294,Camana,PE,-16.6228,-72.7111,77.02,72,47,5.88,2023-03-06 21:21:44
295,Khem Karan,IN,31.1428,74.5667,66.29,36,0,3.49,2023-03-06 21:26:30
296,Atar,MR,20.5169,-13.0499,82.0,10,100,8.79,2023-03-06 21:26:30
297,Batagay-Alyta,RU,67.8006,130.4114,-21.57,98,96,5.82,2023-03-06 21:23:17
298,Hit,IQ,33.6416,42.8251,66.87,38,29,11.36,2023-03-06 21:26:31
299,Imuris,MX,30.7833,-110.8667,68.94,20,100,6.38,2023-03-06 21:26:32
300,La Rioja,ES,42.25,-2.5,33.58,85,100,5.17,2023-03-06 21:26:32
301,Cayenne,GF,4.9333,-52.3333,82.44,74,75,11.5,2023-03-06 21:24:39
302,Hailar,CN,49.2,119.7,16.14,81,100,15.59,2023-03-06 21:26:33
303,Dzhebariki-Khaya,RU,62.2167,135.8,-2.2,99,100,1.59,2023-03-06 21:26:35
304,Bon Air,US,37.5249,-77.5578,68.02,38,0,8.05,2023-03-06 21:26:35
305,Mbale,UG,1.0821,34.175,71.98,39,82,4.61,2023-03-06 21:26:36
306,San Quintin,MX,30.4833,-115.95,59.5,61,100,21.12,2023-03-06 21:24:12
307,Le Port,RE,-20.9373,55.2919,79.9,88,89,5.35,2023-03-06 21:26:37
308,Marshall,US,34.3834,-86.3333,79.39,37,0,14.97,2023-03-06 21:17:20
309,Along,IN,28.1667,94.7667,61.27,86,79,2.66,2023-03-06 21:26:40
310,Seoni,IN,22.0833,79.5333,76.57,30,99,5.5,2023-03-06 21:26:41
311,Tucuma,BR,-0.1833,-50.05,77.63,89,100,10.07,2023-03-06 21:24:32
312,Inhambane,MZ,-23.865,35.3833,74.93,90,4,8.01,2023-03-06 21:26:42
313,Sitka,US,57.0531,-135.33,33.69,25,0,8.05,2023-03-06 21:26:42
314,Makakilo City,US,21.3469,-158.0858,79.68,82,75,13.8,2023-03-06 21:26:43
315,Ilebo,CD,-4.3167,20.5833,73.27,98,64,4.05,2023-03-06 21:26:43
316,Comodoro Rivadavia,AR,-45.8667,-67.5,67.86,32,75,26.46,2023-03-06 21:22:54
317,Manoel Urbano,BR,-8.8389,-69.2597,81.12,91,85,3.0,2023-03-06 21:26:44
318,Flinders,AU,-34.5833,150.8552,75.18,48,80,10.0,2023-03-06 21:26:45
319,Kiruna,SE,67.8557,20.2251,4.12,72,100,2.3,2023-03-06 21:26:45
320,Padang,ID,-0.9492,100.3543,75.25,86,100,3.65,2023-03-06 21:26:46
321,Asau,RO,46.4333,26.4,31.28,63,100,4.45,2023-03-06 21:27:48
322,Liku,ID,-0.7275,119.8922,74.12,94,96,1.25,2023-03-06 21:27:48
323,Suntar,RU,62.1444,117.6319,-28.91,100,28,3.15,2023-03-06 21:27:49
324,Lac Du Bonnet,CA,50.2536,-96.0612,12.94,72,57,10.87,2023-03-06 21:27:49
325,Longyearbyen,SJ,78.2186,15.6401,4.84,47,40,19.57,2023-03-06 21:27:50
326,Beaumont,US,30.0861,-94.1019,81.23,69,75,10.36,2023-03-06 21:15:09
327,Talcahuano,CL,-36.7167,-73.1167,64.08,82,75,9.22,2023-03-06 21:27:51
328,Ixtapa,MX,20.7,-105.2,76.23,61,0,13.8,2023-03-06 21:27:51
329,Mount Isa,AU,-20.7333,139.5,73.17,100,75,8.05,2023-03-06 21:27:52
330,Soyo,AO,-6.1349,12.3689,78.13,81,70,8.16,2023-03-06 21:27:52
331,Okhotsk,RU,59.3833,143.3,-13.29,90,23,4.09,2023-03-06 21:27:53
332,Olinda,BR,-8.0089,-34.8553,83.93,65,40,6.91,2023-03-06 21:26:31
333,Chuy,UY,-33.6971,-53.4616,74.71,69,73,11.86,2023-03-06 21:27:53
334,Taywarah,AF,33.35,64.4167,38.75,55,4,0.87,2023-03-06 21:27:54
335,Ostersund,SE,63.1792,14.6357,16.25,92,0,4.0,2023-03-06 21:27:54
336,Moerai,PF,-22.4333,-151.3333,81.79,82,100,21.07,2023-03-06 21:27:55
337,Lamar,US,33.6668,-95.5836,79.99,58,0,10.36,2023-03-06 21:27:56
338,Saint George,US,37.1041,-113.5841,52.95,39,75,10.36,2023-03-06 21:24:14
339,Talnakh,RU,69.4865,88.3972,-5.8,95,99,6.73,2023-03-06 21:23:16
340,Mogzon,RU,51.7435,111.9606,11.37,97,100,3.15,2023-03-06 21:27:58
341,Havoysund,NO,70.9963,24.6622,17.83,68,21,8.9,2023-03-06 21:27:58
342,Manacapuru,BR,-3.2997,-60.6206,79.68,87,98,4.25,2023-03-06 21:27:59
343,Cururupu,BR,-1.8283,-44.8683,77.07,93,100,4.56,2023-03-06 21:28:00
344,Cherskiy,RU,68.75,161.3,-37.19,98,29,3.09,2023-03-06 21:28:00
345,Acarau,BR,-2.8856,-40.12,80.74,76,98,14.27,2023-03-06 21:28:01
346,Torbay,CA,47.6666,-52.7314,30.58,87,75,6.91,2023-03-06 21:28:01
347,Ouahigouya,BF,13.5828,-2.4216,86.49,10,88,11.81,2023-03-06 21:28:02
348,Nome,US,64.5011,-165.4064,33.17,100,100,13.8,2023-03-06 21:28:03
349,Guerrero Negro,MX,27.9769,-114.0611,62.64,59,100,18.99,2023-03-06 21:28:03
350,Wencheng,CN,33.0559,113.7978,57.52,44,11,4.18,2023-03-06 21:28:04
351,San Luis,AR,-33.295,-66.3356,77.34,63,82,16.98,2023-03-06 21:23:26
352,Veinticinco De Mayo,AR,-35.4323,-60.1727,101.26,18,3,16.33,2023-03-06 21:28:05
353,Hamilton,US,39.1834,-84.5333,74.25,36,0,23.02,2023-03-06 21:28:06
354,Sallins,IE,53.2489,-6.6661,37.6,81,75,4.61,2023-03-06 21:28:08
355,Turukhansk,RU,65.8167,87.9833,0.5,87,98,14.16,2023-03-06 21:28:09
356,Plastun,RU,44.7561,136.2939,32.49,85,24,6.89,2023-03-06 21:28:10
357,Haines Junction,CA,60.7522,-137.5108,10.35,72,100,2.3,2023-03-06 21:28:10
358,Mandera,KE,3.9366,41.867,86.59,27,33,10.85,2023-03-06 21:28:11
359,Asmar,AF,35.0333,71.3581,54.45,44,0,10.27,2023-03-06 21:28:12
360,Provideniya,RU,64.3833,-173.3,19.51,93,100,0.0,2023-03-06 21:28:13
361,Mozarlandia,BR,-14.7447,-50.5706,80.65,76,74,4.92,2023-03-06 21:28:13
362,Port Hedland,AU,-20.3167,118.5667,82.45,69,6,9.22,2023-03-06 21:28:14
363,Progreso,MX,21.2833,-89.6667,93.31,58,69,18.16,2023-03-06 21:28:15
364,Tabas,IR,33.5959,56.9244,62.82,23,2,4.61,2023-03-06 21:28:15
365,Kita,ML,13.0349,-9.4895,89.01,11,72,5.32,2023-03-06 21:28:16
366,Nabagram,IN,22.2881,88.5092,78.78,52,0,7.07,2023-03-06 21:29:17
367,Luderitz,NA,-26.6481,15.1594,63.03,80,0,23.69,2023-03-06 21:29:18
368,Mana,GF,5.6592,-53.7767,78.44,82,100,11.59,2023-03-06 21:29:19
369,Sola,VU,-13.8833,167.55,81.12,77,82,8.16,2023-03-06 21:29:20
370,Tilichiki,RU,60.4667,166.1,5.29,94,100,10.33,2023-03-06 21:29:21
371,Vyartsilya,RU,62.1764,30.693,6.49,100,99,2.51,2023-03-06 21:29:22
372,Terrace Bay,CA,48.7834,-87.1,32.5,95,100,8.3,2023-03-06 21:29:23
373,Dubbo,AU,-32.25,148.6167,71.73,46,100,6.91,2023-03-06 21:29:24
374,Fortuna,US,40.5982,-124.1573,44.94,96,75,5.75,2023-03-06 21:29:24
375,Cockburn Town,TC,21.4612,-71.1419,76.41,68,5,12.35,2023-03-06 21:29:25
376,Chapleau,CA,47.8405,-83.4034,35.69,41,40,9.22,2023-03-06 21:29:26
377,Colares,PT,38.7992,-9.4469,58.33,87,20,20.0,2023-03-06 21:29:27
378,Kennett,US,36.2362,-90.0556,75.18,43,0,13.8,2023-03-06 21:25:20
379,Caucaia,BR,-3.7361,-38.6531,83.03,75,20,11.5,2023-03-06 21:29:29
380,San Carlos,VE,9.6612,-68.5827,92.88,36,100,5.73,2023-03-06 21:29:29
381,Kalengwa,ZM,-13.4659,25.0027,65.41,97,100,3.74,2023-03-06 21:29:30
382,Ola,RU,59.5833,151.2833,-4.04,99,100,3.69,2023-03-06 21:29:31
383,Ballitoville,ZA,-29.539,31.2144,73.54,78,100,10.36,2023-03-06 21:29:32
384,Shache,CN,38.4167,77.2406,49.24,36,41,5.5,2023-03-06 21:29:32
385,Ternate,ID,0.8,127.4,78.78,82,37,7.18,2023-03-06 21:29:33
386,Leningradskiy,RU,69.3833,178.4167,-28.46,97,12,3.76,2023-03-06 21:29:34
387,Broken Hill,AU,-31.95,141.4333,58.73,68,0,8.75,2023-03-06 21:29:35
388,Abu Samrah,SY,35.3029,37.1841,51.48,74,2,15.82,2023-03-06 21:29:35
389,Altay,CN,47.8667,88.1167,25.79,74,97,7.52,2023-03-06 21:29:36
390,High Level,CA,58.5169,-117.136,-0.29,60,0,5.75,2023-03-06 21:25:04
391,Darhan,MN,49.4867,105.9228,23.18,84,77,4.25,2023-03-06 21:29:39
392,Opuwo,NA,-18.0607,13.84,69.08,43,27,5.55,2023-03-06 21:29:40
393,Xichang,CN,27.8964,102.2634,52.92,84,78,1.52,2023-03-06 21:29:41
394,Biak,ID,-0.9131,122.8766,76.48,79,100,3.42,2023-03-06 21:29:41
395,Richards Bay,ZA,-28.783,32.0377,74.26,89,100,0.65,2023-03-06 21:29:42
396,Suluq,LY,31.6682,20.2521,55.96,55,1,2.01,2023-03-06 21:29:43
397,Gedinne,BE,49.9804,4.9367,38.16,94,100,8.01,2023-03-06 21:29:44
398,Puerto Baquerizo Moreno,EC,-0.9,-89.6,81.59,78,75,2.3,2023-03-06 21:29:44
399,Manado,ID,1.487,124.8455,75.97,94,20,1.14,2023-03-06 21:29:45
400,Sovetskiy,RU,61.3614,63.5842,-7.91,100,82,3.58,2023-03-06 21:29:45
401,Mehamn,NO,71.0357,27.8492,12.11,79,27,7.14,2023-03-06 21:29:46
402,Fethiye,TR,36.6217,29.1164,48.07,79,1,3.18,2023-03-06 21:29:47
403,Rudnogorsk,RU,57.2639,103.7519,-4.11,100,98,0.78,2023-03-06 21:29:48
404,Havelock,US,34.8791,-76.9013,71.58,42,40,3.0,2023-03-06 21:29:48
405,Japura,ID,-0.3167,102.35,70.38,94,54,0.63,2023-03-06 21:29:49
406,Aklavik,CA,68.2191,-135.0107,-13.0,77,0,3.44,2023-03-06 21:29:50
407,George,ZA,-33.963,22.4617,62.15,88,75,6.91,2023-03-06 21:29:50
408,Bushehr,IR,28.9684,50.8385,75.29,38,0,6.91,2023-03-06 21:30:52
409,Clarksdale,US,34.2001,-90.5709,75.9,69,0,13.8,2023-03-06 21:30:53
410,Kautokeino,NO,69.0125,23.0412,-15.81,100,43,1.54,2023-03-06 21:30:54
411,Pedernales,DO,18.0384,-71.744,81.3,63,37,1.88,2023-03-06 21:30:54
412,Madang,PG,-5.2246,145.7966,76.37,93,100,4.14,2023-03-06 21:30:55
413,Carahue,CL,-38.7,-73.1667,68.72,65,91,9.53,2023-03-06 21:30:56
414,Pokhara,NP,28.2333,83.9833,61.12,27,8,6.91,2023-03-06 21:30:58
415,Oktyabrskiy,RU,54.4815,53.471,21.2,97,100,5.35,2023-03-06 21:30:59
416,Anadyr,RU,64.75,177.4833,-21.5,69,0,13.42,2023-03-06 21:31:00
417,Faanui,PF,-16.4833,-151.75,77.52,81,100,12.82,2023-03-06 21:31:00
418,Fare,PF,-16.7,-151.0167,77.58,83,100,17.96,2023-03-06 21:31:01
419,Nacala,MZ,-14.5428,40.6728,74.3,91,100,5.06,2023-03-06 21:31:01
420,Pandamatenga,BW,-18.5278,25.627,66.76,90,78,6.96,2023-03-06 21:31:02
421,Mayo,US,38.8876,-76.5119,61.52,48,0,7.0,2023-03-06 21:31:02
422,Moose Factory,CA,51.2585,-80.6094,23.0,45,0,10.36,2023-03-06 21:31:03
423,Cancun,MX,21.1743,-86.8466,84.13,48,0,12.66,2023-03-06 21:28:48
424,Saint-Pierre,RE,-21.3393,55.4781,79.57,78,100,4.61,2023-03-06 21:31:04
425,Ocos,GT,14.5094,-92.1933,91.58,63,1,11.34,2023-03-06 21:31:05
426,Hobyo,SO,5.3505,48.5268,78.17,78,18,15.73,2023-03-06 21:31:05
427,Puerto Suarez,BO,-18.95,-57.8,90.16,70,40,6.91,2023-03-06 21:31:07
428,Henties Bay,NA,-22.116,14.2845,62.71,88,50,8.84,2023-03-06 21:31:07
429,Mitsamiouli,KM,-11.3847,43.2844,81.57,71,100,11.72,2023-03-06 21:31:08
430,Figeac,FR,44.75,1.9167,34.18,97,55,1.14,2023-03-06 21:31:08
431,Udachnyy,RU,66.4167,112.4,-33.2,100,89,3.4,2023-03-06 21:31:09
432,Abong Mbang,CM,3.9833,13.1833,77.05,52,83,6.11,2023-03-06 21:31:09
433,Road Town,VG,18.4167,-64.6167,80.64,69,40,2.3,2023-03-06 21:31:10
434,Mawlaik,MM,23.6333,94.4167,63.36,48,0,0.2,2023-03-06 21:31:11
435,Tura,IN,25.5198,90.2201,65.32,30,0,2.66,2023-03-06 21:31:11
436,Maua,BR,-23.6678,-46.4614,80.37,56,39,6.08,2023-03-06 21:31:12
437,Amahai,ID,-3.3333,128.9167,78.55,78,100,3.98,2023-03-06 21:31:13
438,Mocuba,MZ,-16.8392,36.9856,71.37,98,100,0.51,2023-03-06 21:31:13
439,Komsomolskiy,UZ,40.4272,71.7189,45.32,81,58,6.91,2023-03-06 21:31:14
440,Benicarlo,ES,40.4165,0.4271,54.9,69,68,4.07,2023-03-06 21:31:14
441,Baranain,ES,42.8057,-1.6773,45.14,65,0,3.44,2023-03-06 21:31:15
442,Falam,MM,22.9167,93.6833,52.16,51,0,4.34,2023-03-06 21:29:46
443,Taonan,CN,45.3333,122.7833,30.42,33,75,9.28,2023-03-06 21:31:17
444,Den Helder,NL,52.9599,4.7593,40.98,88,20,18.01,2023-03-06 21:31:17
445,Dalby,AU,-27.1833,151.2667,72.99,75,3,1.99,2023-03-06 21:31:18
446,Pacific Grove,US,36.6177,-121.9166,54.07,67,75,8.05,2023-03-06 21:31:18
447,Mizdah,LY,31.4451,12.9801,59.86,17,97,5.59,2023-03-06 21:31:19
448,Coihaique,CL,-45.5752,-72.0662,57.15,51,40,9.22,2023-03-06 21:31:20
449,Gazojak,TM,41.1875,61.4036,61.52,35,82,15.43,2023-03-06 21:31:20
450,Vostok,RU,46.4856,135.8833,26.49,98,100,4.25,2023-03-06 21:31:21
451,Rayong,TH,12.8333,101.4333,78.8,83,0,2.01,2023-03-06 21:31:22
452,Shadegan,IR,30.6497,48.6647,77.04,32,100,5.41,2023-03-06 21:32:23
453,Laurel,US,39.0993,-76.8483,61.03,39,0,5.75,2023-03-06 21:29:31
454,Zonguldak,TR,41.25,31.8333,38.19,79,8,5.3,2023-03-06 21:32:25
455,Kyzyl-Suu,KG,42.3414,78.0056,38.44,62,92,7.2,2023-03-06 21:32:25
456,Kastamonu,TR,41.5,33.6667,31.8,87,13,1.32,2023-03-06 21:32:26
457,Troitsko-Pechorsk,RU,62.7084,56.1964,-15.99,100,98,3.2,2023-03-06 21:32:26
458,Mastung,PK,29.7994,66.845,53.89,49,0,2.17,2023-03-06 21:32:27
459,Vestmannaeyjar,IS,63.4427,-20.2734,25.74,54,98,6.26,2023-03-06 21:32:28
460,Saiki,JP,32.95,131.9,46.63,66,0,4.0,2023-03-06 21:32:29
461,Conceicao Do Coite,BR,-11.5639,-39.2828,82.56,53,48,15.66,2023-03-06 21:32:30
462,Phuket,TH,8.0,98.25,70.02,94,20,2.3,2023-03-06 21:32:07
463,Sergeyevka,KZ,53.88,67.4158,12.02,95,16,8.08,2023-03-06 21:32:31
464,Paragominas,BR,-2.9667,-47.4833,75.36,96,80,3.42,2023-03-06 21:32:32
465,Saint Anthony,US,45.0205,-93.218,37.65,81,100,16.11,2023-03-06 21:32:34
466,Tarakan,ID,3.3,117.6333,76.5,94,40,3.44,2023-03-06 21:32:34
467,Okato,NZ,-39.2,173.8833,60.69,49,0,3.06,2023-03-06 21:32:35
468,Korla,CN,41.7597,86.1469,43.48,47,51,1.36,2023-03-06 21:32:36
469,Taoudenni,ML,22.6783,-3.9836,81.07,11,98,8.41,2023-03-06 21:32:36
470,Oistins,BB,13.0667,-59.5333,80.69,69,40,16.11,2023-03-06 21:27:56
471,Pakokku,MM,21.3333,95.1,74.23,51,0,4.88,2023-03-06 21:32:38
472,Antequera,ES,37.0194,-4.5612,52.93,95,100,3.89,2023-03-06 21:32:39
473,Kahului,US,20.8947,-156.47,79.97,73,20,19.57,2023-03-06 21:30:20
474,Changuinola,PA,9.4333,-82.5167,79.07,79,100,4.12,2023-03-06 21:32:40
475,Hofn,IS,64.2539,-15.2082,22.93,58,67,20.2,2023-03-06 21:32:40
476,Novska,HR,45.3406,16.9769,43.3,89,85,2.8,2023-03-06 21:32:41
477,Arona,ES,28.0996,-16.681,59.56,84,20,0.0,2023-03-06 21:32:41
478,Pisco,PE,-13.7,-76.2167,82.45,57,0,18.41,2023-03-06 21:32:42
479,Hoopstad,ZA,-27.8327,25.9083,68.99,32,42,5.39,2023-03-06 21:32:44
480,Kaduna,NG,10.5222,7.4383,82.72,13,74,6.04,2023-03-06 21:32:44
481,Ballina,AU,-28.8667,153.5667,76.01,81,0,11.21,2023-03-06 21:32:45
482,Pochutla,MX,15.7432,-96.4661,89.82,50,1,8.39,2023-03-06 21:32:45
483,Brigantine,US,39.4101,-74.3646,56.19,36,0,11.5,2023-03-06 21:32:46
484,Usinsk,RU,65.9939,57.5281,-16.42,95,92,9.01,2023-03-06 21:32:46
485,Lompoc,US,34.6391,-120.4579,59.77,69,75,12.66,2023-03-06 21:32:47
486,Kinablangan,PH,7.6947,126.5503,76.57,85,97,8.28,2023-03-06 21:32:47
487,Rock Sound,BS,24.9,-76.2,77.0,68,3,8.12,2023-03-06 21:32:48
488,Khandbari,NP,27.3747,87.2039,57.52,48,2,3.8,2023-03-06 21:32:48
489,Batamshinskiy,KZ,50.5594,58.2747,32.22,99,100,9.86,2023-03-06 21:32:49
490,Inta,RU,66.0317,60.1659,-25.73,100,49,0.76,2023-03-06 21:32:49
491,Nuuk,GL,64.1835,-51.7216,39.81,45,20,4.61,2023-03-06 21:32:50
492,Klaksvik,FO,62.2266,-6.589,29.32,60,100,29.59,2023-03-06 21:32:51
493,Canyon Lake,US,29.8752,-98.2625,82.9,62,55,1.99,2023-03-06 21:32:51
494,Makokou,GA,0.5738,12.8642,70.32,96,100,3.13,2023-03-06 21:32:51
495,Tangjiazhuang,CN,39.7333,118.45,40.44,56,0,3.91,2023-03-06 21:32:52
496,Rocha,UY,-34.4833,-54.3333,71.08,69,64,11.56,2023-03-06 21:32:53
497,Asfi,MA,32.2994,-9.2372,60.1,89,69,1.45,2023-03-06 21:33:54
498,Tucuman,AR,-26.8241,-65.2226,91.4,55,75,5.75,2023-03-06 21:33:27
499,Velingara,SN,13.15,-14.1167,89.67,18,97,2.46,2023-03-06 21:33:54
500,Homa Bay,KE,-0.5273,34.4571,70.07,58,47,5.61,2023-03-06 21:33:55
501,Dunedin,NZ,-45.8742,170.5036,61.81,70,100,5.01,2023-03-06 21:32:28
502,Kikinda,RS,45.8297,20.4653,45.41,91,100,3.2,2023-03-06 21:33:57
503,Hay River,CA,60.8156,-115.7999,6.76,47,20,8.05,2023-03-06 21:33:58
504,Katobu,ID,-4.9408,122.5276,73.74,95,99,2.91,2023-03-06 21:34:00
505,Souillac,MU,-20.5167,57.5167,77.38,94,75,0.0,2023-03-06 21:34:00
506,Kalmunai,LK,7.4167,81.8167,76.5,84,32,5.46,2023-03-06 21:34:01
507,Porto Novo,BJ,6.4965,2.6036,84.02,86,100,5.35,2023-03-06 21:34:02
508,Aliang,PH,14.2833,120.8833,72.07,78,0,9.35,2023-03-06 21:34:03
509,Atbasar,KZ,51.8,68.3333,32.59,98,100,8.68,2023-03-06 21:34:03
510,Mildura,AU,-34.2,142.15,56.07,74,0,15.48,2023-03-06 21:34:04
511,Kununurra,AU,-15.7667,128.7333,78.78,73,67,4.61,2023-03-06 21:34:05
512,Shenjiamen,CN,29.9576,122.298,53.67,84,84,16.62,2023-03-06 21:34:05
513,Gorin,RU,51.1983,136.6669,7.23,96,99,2.55,2023-03-06 21:34:06
514,New Waterford,US,40.8451,-80.6145,60.62,44,98,5.7,2023-03-06 21:34:07
515,Balabac,PH,7.9868,117.0645,78.96,77,19,14.36,2023-03-06 21:34:08
516,Ulaanbaatar,MN,47.9077,106.8832,30.33,59,40,6.71,2023-03-06 21:32:35
517,Maltahohe,NA,-24.8333,16.9833,63.66,25,0,9.04,2023-03-06 21:34:09
518,Nhulunbuy,AU,-12.2333,136.7667,81.21,83,40,12.66,2023-03-06 21:34:10
519,Chicama,PE,-7.8447,-79.1469,81.14,63,94,8.7,2023-03-06 21:34:10
520,Mnogovershinnyy,RU,53.9353,139.9242,12.22,92,100,3.38,2023-03-06 21:34:11
521,Cervo,ES,43.6702,-7.4101,47.97,86,28,5.41,2023-03-06 21:34:13
522,Vanimo,PG,-2.6741,141.3028,76.33,87,100,3.47,2023-03-06 21:34:13
523,Mingshui,CN,36.7167,117.5,56.01,26,0,7.47,2023-03-06 21:34:14
524,Bonga,ET,7.2833,36.2333,64.26,61,62,3.04,2023-03-06 21:34:15
525,Habra,IN,22.8344,88.6275,78.69,42,0,6.8,2023-03-06 21:34:16
526,Quatre Cocos,MU,-20.2078,57.7625,77.11,85,98,2.42,2023-03-06 21:34:16
527,Naze,JP,28.3667,129.4833,49.12,58,0,3.8,2023-03-06 21:34:17
528,Mookane,BW,-23.688,26.6595,75.51,55,70,3.78,2023-03-06 21:34:18
529,Port Augusta,AU,-32.5,137.7667,61.68,57,0,12.44,2023-03-06 21:34:19
530,Karwar,IN,14.8,74.1333,75.24,61,0,4.99,2023-03-06 21:34:20
531,Svetlyy,RU,54.675,20.1347,30.96,77,77,7.11,2023-03-06 21:34:21
532,Sehithwa,BW,-20.4667,22.7167,70.3,79,98,4.76,2023-03-06 21:34:22
533,Tornio,FI,65.8481,24.1466,-5.78,100,100,4.25,2023-03-06 21:34:23
534,Yanzhou,CN,35.5528,116.8286,53.44,62,0,5.66,2023-03-06 21:34:25
535,Chapais,CA,49.7834,-74.8492,20.98,88,100,13.24,2023-03-06 21:32:45
536,Constitucion,CL,-35.3333,-72.4167,63.75,77,41,9.78,2023-03-06 21:32:10
537,Quzhou,CN,28.9594,118.8686,52.18,62,91,2.19,2023-03-06 21:34:26
538,Qasigiannguit,GL,68.8193,-51.1922,23.25,80,9,3.71,2023-03-06 21:34:27
539,Salalah,OM,17.0151,54.0924,77.09,33,0,2.3,2023-03-06 21:34:28
540,Seka,TH,17.9285,103.9552,65.3,73,0,3.74,2023-03-06 21:34:29
541,Yar-Sale,RU,66.8333,70.8333,-5.48,93,100,10.92,2023-03-06 21:34:29
542,Urengoy,RU,65.9667,78.3667,4.37,96,100,7.36,2023-03-06 21:34:30
543,Akyab,MM,20.15,92.9,71.11,87,1,5.57,2023-03-06 21:33:46
544,Micheweni,TZ,-4.9667,39.8333,79.83,77,83,10.87,2023-03-06 21:35:32
545,Gamba,GA,-2.65,10.0,78.78,86,100,5.64,2023-03-06 21:35:33
546,Puerto Madryn,AR,-42.7692,-65.0385,88.9,17,1,30.04,2023-03-06 21:31:00
547,Grand-Santi,GF,4.25,-54.3833,73.71,98,88,3.83,2023-03-06 21:35:34
548,Monforte De Lemos,ES,42.5216,-7.5142,51.57,86,100,2.71,2023-03-06 21:35:35
549,Yurgamysh,RU,55.3714,64.4656,9.39,95,35,5.84,2023-03-06 21:35:36
550,Ikryanoye,RU,46.0932,47.7308,41.02,93,100,23.42,2023-03-06 21:35:37
551,Topi,PK,34.0704,72.6236,60.19,46,20,5.99,2023-03-06 21:35:38
552,Roma,US,43.2128,-75.4557,39.34,30,20,6.91,2023-03-06 21:35:09
553,Springbok,ZA,-29.6643,17.8865,58.35,79,0,3.42,2023-03-06 21:35:39
554,Bandarbeyla,SO,9.4942,50.8122,76.68,77,6,14.05,2023-03-06 21:35:39
555,Mount Gambier,AU,-37.8333,140.7667,56.44,66,94,11.79,2023-03-06 21:35:40
556,Tenenkou,ML,14.4572,-4.9169,87.1,10,62,12.06,2023-03-06 21:35:40
557,Seoul,KR,37.5683,126.9778,44.04,78,0,5.75,2023-03-06 21:34:33
558,Vilaka,LV,57.1846,27.6722,23.52,91,93,9.35,2023-03-06 21:35:42
559,Razdolinsk,RU,58.4211,94.6658,18.75,96,100,7.05,2023-03-06 21:35:43
560,Luis Correia,BR,-2.8792,-41.6669,80.38,81,76,15.43,2023-03-06 21:35:43
561,Wladyslawowo,PL,54.7909,18.4009,26.94,65,14,8.12,2023-03-06 21:35:44
562,Miami,US,25.7743,-80.1937,89.6,65,75,11.99,2023-03-06 21:24:40
563,Monterotondo,IT,42.0525,12.6187,52.14,83,8,3.78,2023-03-06 21:35:45
564,Petropavlovsk-Kamchatskiy,RU,53.0452,158.6483,16.39,86,75,4.47,2023-03-06 21:35:45
565,Itarema,BR,-2.9248,-39.9167,80.04,77,100,12.55,2023-03-06 21:35:46
566,Terme,TR,41.2092,36.9739,44.53,83,90,3.36,2023-03-06 21:35:48
567,Gouyave,GD,12.1646,-61.7296,81.37,69,20,18.41,2023-03-06 21:35:48
568,Cariamanga,EC,-4.3333,-79.55,66.97,90,100,2.62,2023-03-06 21:35:49
569,Soke,ML,13.598,-5.9386,87.55,11,82,10.63,2023-03-06 21:35:50
570,Lekoni,GA,-1.5843,14.2591,76.84,86,100,1.05,2023-03-06 21:35:50
571,Presidencia Roque Saenz Pena,AR,-26.7852,-60.4388,88.23,32,0,5.28,2023-03-06 21:35:51
572,Sterling,US,39.0062,-77.4286,61.02,39,20,9.22,2023-03-06 21:33:58
573,Busdi,PH,8.2761,125.2514,65.68,98,73,3.56,2023-03-06 21:35:52
574,Chivay,PE,-15.6383,-71.6011,53.53,78,79,5.99,2023-03-06 21:35:52
575,Cascais,PT,38.6979,-9.4215,58.51,87,20,20.0,2023-03-06 21:32:08
576,Jacala,MX,21.0167,-99.1833,80.78,31,66,8.3,2023-03-06 21:35:47
577,Paita,PE,-5.0892,-81.1144,78.22,78,100,19.24,2023-03-06 21:35:53
578,Kiama,AU,-34.6833,150.8667,75.38,48,70,1.99,2023-03-06 21:35:54
579,Talavera De La Reina,ES,39.9635,-4.8308,48.54,95,100,1.1,2023-03-06 21:35:54
580,Masty,BY,53.4122,24.5387,28.11,87,100,5.26,2023-03-06 21:35:55
581,Tessalit,ML,20.1986,1.0114,73.71,10,86,8.28,2023-03-06 21:35:55
582,South Sioux City,US,42.4739,-96.4136,38.79,70,100,17.27,2023-03-06 21:35:56
583,Dali,CN,25.7,100.1833,44.92,64,0,4.7,2023-03-06 21:35:56
584,Daru,PG,-9.0763,143.2092,77.68,86,61,11.1,2023-03-06 21:35:57
585,Pechora,RU,65.1472,57.2244,-6.7,89,93,7.29,2023-03-06 21:35:57
586,Sakti,IN,22.0333,82.9667,70.77,30,0,6.04,2023-03-06 21:35:58
587,Suzhou,CN,31.3114,120.6181,51.85,56,100,6.13,2023-03-06 21:35:58
588,Gimli,CA,50.6336,-96.9907,8.62,47,87,13.8,2023-03-06 21:35:59
589,Chara,RU,56.9064,118.2631,-10.5,74,24,1.61,2023-03-06 21:37:00
590,Kaeng Khoi,TH,14.5862,100.9976,77.11,54,0,2.93,2023-03-06 21:37:01
591,Dhidhdhoo,MV,6.8833,73.1,80.87,74,90,12.95,2023-03-06 21:37:01
592,Sidi Ali,DZ,36.0998,0.4206,53.74,87,99,7.72,2023-03-06 21:37:02
593,Tiarei,PF,-17.5333,-149.3333,80.62,81,100,17.29,2023-03-06 21:37:02
594,Igarka,RU,67.4667,86.5833,-10.62,93,100,8.7,2023-03-06 21:37:03
595,Pinheiro Machado,BR,-31.5783,-53.3811,68.05,97,92,8.75,2023-03-06 21:37:04
596,Touros,BR,-5.1989,-35.4608,80.01,77,99,13.71,2023-03-06 21:37:05
597,Hovd,MN,48.0056,91.6419,29.5,34,69,7.14,2023-03-06 21:37:06
598,Nyurba,RU,63.2842,118.3319,-32.01,100,94,2.93,2023-03-06 21:37:07
599,Vila Do Maio,CV,15.1333,-23.2167,74.19,76,83,10.76,2023-03-06 21:37:08
600,Kamaishi,JP,39.2667,141.8833,41.85,57,0,6.24,2023-03-06 21:37:08
601,Hostivice,CZ,50.0816,14.2586,36.72,82,0,13.0,2023-03-06 21:37:09
602,Pudozh,RU,61.8099,36.5345,16.95,96,97,4.23,2023-03-06 21:37:10
603,Fort Nelson,CA,58.8053,-122.7002,10.94,44,95,5.01,2023-03-06 21:37:10
604,Uruzgan,AF,32.8333,66.0,50.09,56,2,7.05,2023-03-06 21:37:11
605,Miraflores,MX,19.2167,-98.8083,83.16,19,73,4.61,2023-03-06 21:37:12
606,Mbini,GQ,1.574,9.6134,81.41,84,100,5.7,2023-03-06 21:37:13
607,Bereda,ES,43.2686,-7.5406,52.41,100,73,0.56,2023-03-06 21:37:14
608,Santana Do Livramento,BR,-30.8908,-55.5328,81.0,30,0,8.21,2023-03-06 21:37:15
609,Port Hueneme,US,34.1478,-119.1951,62.38,61,0,11.5,2023-03-06 21:37:16
610,San Ramon De La Nueva Oran,AR,-23.1322,-64.326,90.43,57,67,2.86,2023-03-06 21:37:17
611,Kabinda,CD,-6.1333,24.4833,68.09,91,100,3.65,2023-03-06 21:37:18
612,Copiapo,CL,-27.3667,-70.3333,71.29,49,1,7.74,2023-03-06 21:36:10
613,Hofu,JP,34.05,131.5667,45.82,78,0,1.41,2023-03-06 21:37:21
614,Dogondoutchi,NE,13.6393,4.0287,86.31,10,20,9.24,2023-03-06 21:37:22
615,Port Hardy,CA,50.6996,-127.4199,44.78,65,75,11.5,2023-03-06 21:37:22
616,Ballater,GB,57.0493,-3.0402,31.82,92,95,5.66,2023-03-06 21:37:23
617,Saint Johnsbury,US,44.4192,-72.0151,38.35,33,18,14.97,2023-03-06 21:37:24
618,Correntina,BR,-13.3433,-44.6367,81.66,48,97,2.98,2023-03-06 21:37:25
619,Ullapool,GB,57.8987,-5.1604,30.34,87,100,5.84,2023-03-06 21:37:25
620,Choya,RU,52.0108,86.5467,27.37,94,100,2.86,2023-03-06 21:37:26
621,Nelson Bay,AU,-32.7167,152.15,81.0,68,15,5.01,2023-03-06 21:37:27
622,Pouebo,NC,-20.4,164.5667,80.37,71,17,13.06,2023-03-06 21:37:27
623,Kulhudhuffushi,MV,6.6221,73.07,80.8,74,96,14.45,2023-03-06 21:37:28
624,Meulaboh,ID,4.1363,96.1285,74.97,89,12,3.13,2023-03-06 21:37:29
625,Kungurtug,RU,50.5994,97.5228,5.49,96,51,1.86,2023-03-06 21:37:30
626,Auki,SB,-8.7676,160.7034,80.73,84,100,7.54,2023-03-06 21:37:31
627,Druzhba,UA,52.0428,33.9453,24.84,78,15,7.34,2023-03-06 21:37:32
628,Surt,LY,31.2089,16.5887,59.77,57,99,16.91,2023-03-06 21:37:33
629,Huilong,CN,31.8111,121.655,48.92,67,99,9.08,2023-03-06 21:37:34
630,Jalu,LY,29.0331,21.5482,60.04,39,76,5.48,2023-03-06 21:37:34
631,Tucupita,VE,9.0622,-62.051,83.08,56,96,6.15,2023-03-06 21:37:35
632,Abrau-Dyurso,RU,44.69,37.59,35.06,56,1,5.64,2023-03-06 21:37:36
633,Isangel,VU,-19.55,169.2667,80.35,72,17,15.14,2023-03-06 21:37:36
634,Rabo De Peixe,PT,37.8,-25.5833,62.11,88,75,19.57,2023-03-06 21:37:37
635,Kasongo-Lunda,CD,-6.4667,16.8167,72.37,95,96,1.21,2023-03-06 21:37:38
636,Carndonagh,IE,55.25,-7.2667,38.25,64,99,13.13,2023-03-06 21:38:39
637,Chumikan,RU,54.7183,135.315,11.03,91,100,10.87,2023-03-06 21:38:40
638,Paoua,CF,7.2427,16.4406,80.8,13,99,3.62,2023-03-06 21:38:40
639,Markkleeberg,DE,51.2833,12.4,36.25,96,75,7.0,2023-03-06 21:38:41
640,Nouadhibou,MR,20.931,-17.0347,73.38,53,3,12.66,2023-03-06 21:38:41
641,Vila Velha,BR,-20.3297,-40.2925,80.94,84,20,16.11,2023-03-06 21:38:42
642,Sumbe,AO,-11.2061,13.8437,76.77,82,94,5.99,2023-03-06 21:38:42
643,Lianzhou,CN,24.7811,112.3825,63.27,52,68,2.53,2023-03-06 21:38:43
644,Hokitika,NZ,-42.7167,170.9667,61.57,60,83,1.68,2023-03-06 21:38:10
645,Jumla,NP,29.2747,82.1838,39.02,54,15,5.23,2023-03-06 21:38:44
646,Izhma,RU,65.0083,53.9113,-13.5,98,98,3.49,2023-03-06 21:38:44
647,Kuznechnoye,RU,61.12,29.8686,6.01,98,94,3.33,2023-03-06 21:38:45
648,Tagusao,PH,9.1924,117.8141,74.97,83,4,4.45,2023-03-06 21:38:46
649,Tamiahua,MX,21.2667,-97.45,80.01,73,64,10.87,2023-03-06 21:38:46
650,Nemuro,JP,43.3236,145.575,33.37,88,42,13.18,2023-03-06 21:38:47
651,Saint-Denis,FR,48.9167,2.3333,44.76,66,0,11.5,2023-03-06 21:38:47
652,San Cristobal,VE,7.7669,-72.225,80.13,55,78,1.66,2023-03-06 21:38:48
653,Sabla,NG,12.7525,4.7077,87.91,10,99,9.37,2023-03-06 21:38:48
654,Durango,MX,24.8333,-104.8333,82.51,3,0,6.6,2023-03-06 21:38:49
655,Olafsvik,IS,64.8945,-23.7142,26.65,59,91,11.39,2023-03-06 21:38:50
656,Santa Rosa,PH,14.3122,121.1114,73.38,83,0,8.23,2023-03-06 21:34:11
657,Yarim,YE,14.298,44.3779,53.83,47,0,3.15,2023-03-06 21:38:50
658,Vytegra,RU,61.0064,36.4481,14.92,97,99,4.85,2023-03-06 21:38:51
659,Bauta,CU,22.9828,-82.5464,85.98,48,40,17.27,2023-03-06 21:38:51
660,Caohai,CN,26.8661,104.2841,45.99,91,100,3.62,2023-03-06 21:38:52
661,Waitara,NZ,-38.925,174.25,62.01,49,0,0.78,2023-03-06 21:38:52
662,Muros,ES,42.7762,-9.0603,57.09,91,99,7.52,2023-03-06 21:38:53
663,Syumsi,RU,57.1111,51.6149,19.8,98,99,3.6,2023-03-06 21:38:53
664,Beringovskiy,RU,63.05,179.3167,-9.85,78,22,5.32,2023-03-06 21:38:54
665,Peniche,PT,39.3558,-9.3811,57.11,90,100,15.23,2023-03-06 21:38:54
666,Honavar,IN,14.2833,74.45,73.13,74,0,3.98,2023-03-06 21:38:55
667,Elko,US,41.0002,-115.5012,30.22,77,45,1.12,2023-03-06 21:38:55
668,Sorland,NO,67.667,12.6934,28.26,39,93,16.33,2023-03-06 21:38:56
669,Sibu,MY,2.3,111.8167,75.51,100,40,2.3,2023-03-06 21:38:56
670,Eyemouth,GB,55.8713,-2.0901,33.24,75,61,15.99,2023-03-06 21:38:57
671,Leshukonskoye,RU,64.8989,45.7622,3.99,97,98,4.81,2023-03-06 21:38:57
672,Harlingen,US,26.1906,-97.6961,84.16,77,75,17.27,2023-03-06 21:36:13
673,Bjornevatn,NO,69.6672,29.9847,11.82,85,75,8.05,2023-03-06 21:39:00
674,Mambolo,SL,8.9231,-13.0444,77.18,78,96,2.8,2023-03-06 21:39:00
675,Waw,SS,7.7029,27.9953,89.71,32,84,3.69,2023-03-06 21:39:00
676,Amalapuram,IN,16.5833,82.0167,68.41,82,2,1.83,2023-03-06 21:39:01
677,Beira,MZ,-19.8436,34.8389,77.34,82,27,6.42,2023-03-06 21:35:22
678,Zaragoza,ES,41.6561,-0.8773,51.85,75,20,9.22,2023-03-06 21:29:45
679,Hearst,CA,49.6835,-83.6665,35.85,87,100,5.73,2023-03-06 21:39:02
680,Luganville,VU,-15.5333,167.1667,82.98,76,17,1.86,2023-03-06 21:39:03
681,Ucluelet,CA,48.9329,-125.5528,49.08,63,84,1.01,2023-03-06 21:39:04
682,Yalta,UA,44.5,34.1667,42.3,77,50,6.06,2023-03-06 21:39:05
683,Cacu,BR,-18.5567,-51.1308,76.15,82,39,4.07,2023-03-06 21:40:06
684,Menongue,AO,-14.6585,17.691,64.4,89,71,4.94,2023-03-06 21:38:51
685,Awjilah,LY,29.1081,21.2869,59.86,41,65,5.1,2023-03-06 21:40:07
686,Alcains,PT,39.9164,-7.4566,51.91,99,100,1.23,2023-03-06 21:40:08
687,Qorveh,IR,35.1664,47.8045,44.04,75,75,10.56,2023-03-06 21:40:09
688,Matara,LK,5.9485,80.5353,73.63,91,13,8.7,2023-03-06 21:40:10
689,Anchorage,US,61.2181,-149.9003,31.28,68,0,3.44,2023-03-06 21:35:33
690,Garango,BF,11.8,-0.5506,89.19,10,31,10.07,2023-03-06 21:40:11
691,Westerland,DE,54.9079,8.3033,35.94,93,100,23.02,2023-03-06 21:40:11
692,Lumeje,AO,-11.55,20.7833,69.31,91,100,1.05,2023-03-06 21:40:12
693,Maxixe,MZ,-23.8597,35.3472,73.92,92,5,6.89,2023-03-06 21:40:13
694,Zanjan,IR,36.6736,48.4787,47.64,79,84,22.12,2023-03-06 21:40:14
695,Sambava,MG,-14.2667,50.1667,77.2,87,98,6.46,2023-03-06 21:40:15
696,Skibbereen,IE,51.55,-9.2667,45.1,84,100,9.84,2023-03-06 21:40:16
697,Bujaru,BR,-1.515,-48.0447,75.43,99,100,3.33,2023-03-06 21:40:18
698,Manzhouli,CN,49.6,117.4333,16.84,86,100,12.73,2023-03-06 21:40:18
699,Cajabamba,PE,-7.6167,-78.05,62.87,65,100,3.78,2023-03-06 21:40:19
700,Sisimiut,GL,66.9395,-53.6735,27.28,70,81,6.73,2023-03-06 21:40:20
701,Karlshamn,SE,56.1706,14.8619,23.49,63,100,2.95,2023-03-06 21:40:21
702,Mecca,SA,21.4267,39.8261,82.22,40,10,5.28,2023-03-06 21:36:44
703,Sao Filipe,CV,14.8961,-24.4956,73.0,74,83,5.41,2023-03-06 21:40:23
704,Kamloops,CA,50.6665,-120.3192,36.75,55,100,4.61,2023-03-06 21:39:41
705,Emba,KZ,48.8264,58.1442,36.18,99,100,17.65,2023-03-06 21:40:24
706,Leticia,CO,-4.2153,-69.9406,84.25,74,75,6.91,2023-03-06 21:40:24
